[{"endpoint":"https://fcm.googleapis.com/fcm/send/ffikH47TVK0:APA91bGg3G3CUAgUGDfFyYX6uHlZoGCMMh2frxpt6Yi_szFnmsw5RS8S9gmNTME_df-dGSK-L7CYvMI1fF5TvkU1uvAsFYjSEaxwKJ-tG-tavnEo6L46a26_PBp1w65PF_YZ9oElXjB-","expirationTime":null,"keys":{"p256dh":"BGWWHOvWEWY7cBraizzi3VVb5B-9f1lCdJSPu4G6V0UTyAIz1IlfNzSmrJE4GJIpFTpfVdGuIX8j-S9YOxMDqlI","auth":"29CXl5hHhVtQS8leB8NlCw"}},{"endpoint":"https://fcm.googleapis.com/fcm/send/d74_Obm0o3w:APA91bH_2Q5tX-IaZDCojpGMhta8S1SJbDisCdW2viBDZqZVMNyB4eHG5eTaTyttyC6UQqOrmvX53D_RRBuiJ8etz7jkcZ0KN9uDPFZL9PNZ7b_WAAvgcMHjcIqOnlvTzqzMCVcREYN9","expirationTime":null,"keys":{"p256dh":"BJBmgfejCFK6arwA6gAIbEMXf_IPIMnX1fHxHsDFGdO_tPc9bXW02UYWy51kUNmOBc9r0z6vcXi5HoxJc5aa4YM","auth":"BCyO0nIHbSWOj5EuSSPb-g"}}]